{"cameraMode":{"drawMode":0,"name":"Shaded","section":"Shading Mode"},"sceneLighting":false,"audioPlay":false,"sceneViewState":{"showFog":true,"showMaterialUpdate":false,"showSkybox":true,"showFlares":true,"showImageEffects":true,"showParticleSystems":true},"in2DMode":false,"pivot":{"x":5.25377893447876,"y":0.25632262229919436,"z":27.241161346435548},"rotation":{"x":-0.15517553687095643,"y":0.2572547495365143,"z":-0.04189370945096016,"w":-0.952882707118988},"size":22.0,"orthographic":false}