{"cameraMode":{"drawMode":0,"name":"Shaded","section":"Shading Mode"},"sceneLighting":false,"audioPlay":false,"sceneViewState":{"showFog":true,"showMaterialUpdate":false,"showSkybox":true,"showFlares":true,"showImageEffects":true,"showParticleSystems":true},"in2DMode":false,"pivot":{"x":5.909951686859131,"y":1.0815327167510987,"z":2.0000107288360597},"rotation":{"x":0.039853535592556,"y":-0.6877683401107788,"z":-0.038134362548589709,"w":-0.7238315343856812},"size":5.340156555175781,"orthographic":false}