{"cameraMode":{"drawMode":0,"name":"Shaded","section":"Shading Mode"},"sceneLighting":false,"audioPlay":false,"sceneViewState":{"showFog":true,"showMaterialUpdate":false,"showSkybox":true,"showFlares":true,"showImageEffects":true,"showParticleSystems":true},"in2DMode":false,"pivot":{"x":-0.02938246726989746,"y":0.4970966577529907,"z":0.03356015682220459},"rotation":{"x":-0.22133474051952363,"y":0.505643367767334,"z":-0.13603618741035462,"w":-0.8226967453956604},"size":2.6566715240478517,"orthographic":false}