{"cameraMode":{"drawMode":0,"name":"Shaded","section":"Shading Mode"},"sceneLighting":false,"audioPlay":false,"sceneViewState":{"showFog":true,"showMaterialUpdate":false,"showSkybox":true,"showFlares":true,"showImageEffects":true,"showParticleSystems":true},"in2DMode":false,"pivot":{"x":4.664956092834473,"y":0.07168149948120117,"z":26.989614486694337},"rotation":{"x":-0.15517553687095643,"y":0.2572547495365143,"z":-0.04189370945096016,"w":-0.952882707118988},"size":22.0,"orthographic":false}