{"cameraMode":{"drawMode":0,"name":"Shaded","section":"Shading Mode"},"sceneLighting":false,"audioPlay":false,"sceneViewState":{"showFog":true,"showMaterialUpdate":false,"showSkybox":true,"showFlares":true,"showImageEffects":true,"showParticleSystems":true},"in2DMode":false,"pivot":{"x":-2.0575551986694338,"y":0.699999988079071,"z":0.0},"rotation":{"x":0.11936226487159729,"y":0.5596499443054199,"z":-0.08186984062194824,"w":0.8159914016723633},"size":1.7031172513961793,"orthographic":false}