{"cameraMode":{"drawMode":0,"name":"Shaded","section":"Shading Mode"},"sceneLighting":false,"audioPlay":false,"sceneViewState":{"showFog":true,"showMaterialUpdate":false,"showSkybox":true,"showFlares":true,"showImageEffects":true,"showParticleSystems":true},"in2DMode":false,"pivot":{"x":998.3068237304688,"y":999.55419921875,"z":999.9207153320313},"rotation":{"x":-0.16627877950668336,"y":0.34231269359588625,"z":-0.06168258935213089,"w":-0.9226964712142944},"size":4.845234394073486,"orthographic":false}