{"cameraMode":{"drawMode":0,"name":"Shaded","section":"Shading Mode"},"sceneLighting":false,"audioPlay":false,"sceneViewState":{"showFog":true,"showMaterialUpdate":false,"showSkybox":true,"showFlares":true,"showImageEffects":true,"showParticleSystems":true},"in2DMode":false,"pivot":{"x":1.9999890327453614,"y":1.1302788257598878,"z":0.00011134147644042969},"rotation":{"x":-0.3213850259780884,"y":-0.17698253691196443,"z":0.06127644702792168,"w":-0.9282424449920654},"size":5.723996639251709,"orthographic":false}