{"cameraMode":{"drawMode":0,"name":"Shaded","section":"Shading Mode"},"sceneLighting":false,"audioPlay":false,"sceneViewState":{"showFog":true,"showMaterialUpdate":false,"showSkybox":true,"showFlares":true,"showImageEffects":true,"showParticleSystems":true},"in2DMode":false,"pivot":{"x":4.020599365234375,"y":1.770959496498108,"z":-1.7531203031539918},"rotation":{"x":-0.1305088847875595,"y":0.8694855570793152,"z":-0.3386986255645752,"w":-0.33503085374832156},"size":6.749980926513672,"orthographic":false}