{"cameraMode":{"drawMode":0,"name":"Shaded","section":"Shading Mode"},"sceneLighting":false,"audioPlay":false,"sceneViewState":{"showFog":true,"showMaterialUpdate":false,"showSkybox":true,"showFlares":true,"showImageEffects":true,"showParticleSystems":true},"in2DMode":false,"pivot":{"x":11.09756088256836,"y":0.2512979507446289,"z":1.6840243339538575},"rotation":{"x":-0.23178963363170625,"y":0.6315905451774597,"z":-0.20602057874202729,"w":-0.7105790376663208},"size":8.75971794128418,"orthographic":false}