{"cameraMode":{"drawMode":0,"name":"Shaded","section":"Shading Mode"},"sceneLighting":false,"audioPlay":false,"sceneViewState":{"showFog":true,"showMaterialUpdate":false,"showSkybox":true,"showFlares":true,"showImageEffects":true,"showParticleSystems":true},"in2DMode":false,"pivot":{"x":-6.071911811828613,"y":1.4530866146087647,"z":-0.46223878860473635},"rotation":{"x":-0.29107892513275149,"y":0.3588048815727234,"z":-0.11883355677127838,"w":-0.8788689970970154},"size":6.348282337188721,"orthographic":false}