{"cameraMode":{"drawMode":0,"name":"Shaded","section":"Shading Mode"},"sceneLighting":false,"audioPlay":false,"sceneViewState":{"showFog":true,"showMaterialUpdate":false,"showSkybox":true,"showFlares":true,"showImageEffects":true,"showParticleSystems":true},"in2DMode":false,"pivot":{"x":7.1300530433654789,"y":2.102271318435669,"z":3.0579147338867189},"rotation":{"x":-0.029066961258649827,"y":0.8602854609489441,"z":-0.04935838654637337,"w":-0.5065844058990479},"size":1.585721731185913,"orthographic":false}