{"cameraMode":{"drawMode":0,"name":"Shaded","section":"Shading Mode"},"sceneLighting":false,"audioPlay":false,"sceneViewState":{"showFog":true,"showMaterialUpdate":false,"showSkybox":true,"showFlares":true,"showImageEffects":true,"showParticleSystems":true},"in2DMode":false,"pivot":{"x":7.409584045410156,"y":7.020630359649658,"z":-8.567822456359864},"rotation":{"x":-0.17549514770507813,"y":0.7284455299377441,"z":-0.2027786672115326,"w":-0.6304359436035156},"size":2.8578836917877199,"orthographic":false}