{"cameraMode":{"drawMode":0,"name":"Shaded","section":"Shading Mode"},"sceneLighting":false,"audioPlay":false,"sceneViewState":{"showFog":true,"showMaterialUpdate":false,"showSkybox":true,"showFlares":true,"showImageEffects":true,"showParticleSystems":true},"in2DMode":false,"pivot":{"x":-2.0960159301757814,"y":6.0382537841796879,"z":-0.49988746643066409},"rotation":{"x":-0.4424765408039093,"y":-0.3051767647266388,"z":0.16313381493091584,"w":-0.8273264765739441},"size":43.56303787231445,"orthographic":false}