{"cameraMode":{"drawMode":0,"name":"Shaded","section":"Shading Mode"},"sceneLighting":false,"audioPlay":false,"sceneViewState":{"showFog":true,"showMaterialUpdate":false,"showSkybox":true,"showFlares":true,"showImageEffects":true,"showParticleSystems":true},"in2DMode":false,"pivot":{"x":6.41457986831665,"y":6.943624496459961,"z":-7.524211883544922},"rotation":{"x":-0.26797184348106387,"y":0.34468403458595278,"z":-0.10335002839565277,"w":-0.8937017917633057},"size":2.3566715717315676,"orthographic":false}