{"cameraMode":{"drawMode":0,"name":"Shaded","section":"Shading Mode"},"sceneLighting":false,"audioPlay":false,"sceneViewState":{"showFog":true,"showMaterialUpdate":false,"showSkybox":true,"showFlares":true,"showImageEffects":true,"showParticleSystems":true},"in2DMode":false,"pivot":{"x":8.870790481567383,"y":11.415804862976075,"z":-0.4790515899658203},"rotation":{"x":-0.17549514770507813,"y":0.7284455299377441,"z":-0.2027786672115326,"w":-0.6304359436035156},"size":22.0,"orthographic":false}