{"cameraMode":{"drawMode":0,"name":"Shaded","section":"Shading Mode"},"sceneLighting":false,"audioPlay":false,"sceneViewState":{"showFog":true,"showMaterialUpdate":false,"showSkybox":true,"showFlares":true,"showImageEffects":true,"showParticleSystems":true},"in2DMode":false,"pivot":{"x":7.919831275939941,"y":0.17516300082206727,"z":6.857452869415283},"rotation":{"x":-0.15882137417793275,"y":0.4944637715816498,"z":-0.09243693947792053,"w":-0.8495509028434753},"size":10.14317798614502,"orthographic":false}