{"cameraMode":{"drawMode":0,"name":"Shaded","section":"Shading Mode"},"sceneLighting":false,"audioPlay":false,"sceneViewState":{"showFog":true,"showMaterialUpdate":false,"showSkybox":true,"showFlares":true,"showImageEffects":true,"showParticleSystems":true},"in2DMode":false,"pivot":{"x":0.045108795166015628,"y":-2.8918237686157228,"z":-0.3753993511199951},"rotation":{"x":-0.17672507464885713,"y":0.7843841910362244,"z":-0.2590078115463257,"w":-0.5351865291595459},"size":9.784297943115235,"orthographic":false}