{"cameraMode":{"drawMode":0,"name":"Shaded","section":"Shading Mode"},"sceneLighting":false,"audioPlay":false,"sceneViewState":{"showFog":true,"showMaterialUpdate":false,"showSkybox":true,"showFlares":true,"showImageEffects":true,"showParticleSystems":true},"in2DMode":false,"pivot":{"x":2.5659701824188234,"y":-5.4209394454956059,"z":15.498496055603028},"rotation":{"x":0.19539694488048554,"y":-0.0858280286192894,"z":0.01716538332402706,"w":0.9768105745315552},"size":16.62196159362793,"orthographic":false}