{"cameraMode":{"drawMode":0,"name":"Shaded","section":"Shading Mode"},"sceneLighting":false,"audioPlay":false,"sceneViewState":{"showFog":true,"showMaterialUpdate":false,"showSkybox":true,"showFlares":true,"showImageEffects":true,"showParticleSystems":true},"in2DMode":false,"pivot":{"x":6.713212013244629,"y":0.9972901344299316,"z":3.042152166366577},"rotation":{"x":0.1369941383600235,"y":-0.4434033930301666,"z":0.06878131628036499,"w":0.8831167817115784},"size":7.257445335388184,"orthographic":false}