{"cameraMode":{"drawMode":0,"name":"Shaded","section":"Shading Mode"},"sceneLighting":false,"audioPlay":false,"sceneViewState":{"showFog":true,"showMaterialUpdate":false,"showSkybox":true,"showFlares":true,"showImageEffects":true,"showParticleSystems":true},"in2DMode":false,"pivot":{"x":0.9672791957855225,"y":1.8712042570114136,"z":7.494970798492432},"rotation":{"x":0.22613829374313355,"y":-0.4533422887325287,"z":0.12007435411214829,"w":0.8537707328796387},"size":4.267621994018555,"orthographic":false}