{"cameraMode":{"drawMode":0,"name":"Shaded","section":"Shading Mode"},"sceneLighting":false,"audioPlay":false,"sceneViewState":{"showFog":true,"showMaterialUpdate":false,"showSkybox":true,"showFlares":true,"showImageEffects":true,"showParticleSystems":true},"in2DMode":false,"pivot":{"x":478.1420593261719,"y":413.7305908203125,"z":-267.3460693359375},"rotation":{"x":-0.014436663128435612,"y":-0.016444621607661248,"z":0.00024141086032614112,"w":-0.9997605681419373},"size":386.9641418457031,"orthographic":false}