{"cameraMode":{"drawMode":0,"name":"Shaded","section":"Shading Mode"},"sceneLighting":false,"audioPlay":false,"sceneViewState":{"showFog":true,"showMaterialUpdate":false,"showSkybox":true,"showFlares":true,"showImageEffects":true,"showParticleSystems":true},"in2DMode":false,"pivot":{"x":18.000011444091798,"y":1.0815327167510987,"z":0.0900484025478363},"rotation":{"x":-0.15237464010715486,"y":0.771623432636261,"z":-0.20139940083026887,"w":-0.5837959051132202},"size":5.340157985687256,"orthographic":false}