{"cameraMode":{"drawMode":0,"name":"Shaded","section":"Shading Mode"},"sceneLighting":true,"audioPlay":false,"sceneViewState":{"showFog":true,"showMaterialUpdate":true,"showSkybox":true,"showFlares":true,"showImageEffects":false,"showParticleSystems":true},"in2DMode":false,"pivot":{"x":12.210197448730469,"y":-5.27639627456665,"z":10.220747947692871},"rotation":{"x":0.3136890232563019,"y":0.18882495164871217,"z":-0.06393257528543472,"w":0.9283625483512878},"size":30.562040328979493,"orthographic":false}