{"cameraMode":{"drawMode":0,"name":"Shaded","section":"Shading Mode"},"sceneLighting":false,"audioPlay":false,"sceneViewState":{"showFog":true,"showMaterialUpdate":true,"showSkybox":true,"showFlares":true,"showImageEffects":false,"showParticleSystems":true},"in2DMode":false,"pivot":{"x":-1.8471193313598633,"y":-1.9414809942245484,"z":4.391864776611328},"rotation":{"x":0.13747461140155793,"y":-0.5311707854270935,"z":0.08782314509153366,"w":0.8314117789268494},"size":2.857883930206299,"orthographic":false}