{"cameraMode":{"drawMode":0,"name":"Shaded","section":"Shading Mode"},"sceneLighting":false,"audioPlay":false,"sceneViewState":{"showFog":true,"showMaterialUpdate":true,"showSkybox":true,"showFlares":true,"showImageEffects":false,"showParticleSystems":true},"in2DMode":false,"pivot":{"x":4.791650772094727,"y":5.756060600280762,"z":27.816293716430665},"rotation":{"x":-0.24584950506687165,"y":0.547324538230896,"z":-0.17223003506660462,"w":-0.7812365889549255},"size":14.277997970581055,"orthographic":false}