{"cameraMode":{"drawMode":0,"name":"Shaded","section":"Shading Mode"},"sceneLighting":false,"audioPlay":false,"sceneViewState":{"showFog":true,"showMaterialUpdate":true,"showSkybox":true,"showFlares":true,"showImageEffects":false,"showParticleSystems":true},"in2DMode":false,"pivot":{"x":3.8805296421051027,"y":4.2981085777282719,"z":-0.24655358493328095},"rotation":{"x":-0.28702837228775027,"y":0.6381243467330933,"z":-0.2783670425415039,"w":-0.6579694151878357},"size":2.286853075027466,"orthographic":false}