{"cameraMode":{"drawMode":0,"name":"Shaded","section":"Shading Mode"},"sceneLighting":false,"audioPlay":false,"sceneViewState":{"showFog":true,"showMaterialUpdate":false,"showSkybox":true,"showFlares":true,"showImageEffects":true,"showParticleSystems":true},"in2DMode":false,"pivot":{"x":6.760149002075195,"y":-0.18311676383018495,"z":0.484024316072464},"rotation":{"x":0.20023706555366517,"y":0.4083874225616455,"z":-0.0923183411359787,"w":0.8857777714729309},"size":3.5269224643707277,"orthographic":false}