{"cameraMode":{"drawMode":0,"name":"Shaded","section":"Shading Mode"},"sceneLighting":false,"audioPlay":false,"sceneViewState":{"showFog":true,"showMaterialUpdate":true,"showSkybox":true,"showFlares":true,"showImageEffects":false,"showParticleSystems":true},"in2DMode":false,"pivot":{"x":723.884521484375,"y":391.2585754394531,"z":-1248.9569091796875},"rotation":{"x":0.09439059346914292,"y":-0.8365762829780579,"z":0.15253764390945435,"w":0.5176513195037842},"size":5.7157673835754398,"orthographic":false}