{"cameraMode":{"drawMode":0,"name":"Shaded","section":"Shading Mode"},"sceneLighting":false,"audioPlay":false,"sceneViewState":{"showFog":true,"showMaterialUpdate":false,"showSkybox":true,"showFlares":true,"showImageEffects":true,"showParticleSystems":true},"in2DMode":false,"pivot":{"x":2.0,"y":1.0810515880584717,"z":-0.000010848045349121094},"rotation":{"x":-0.1768815517425537,"y":0.6402446031570435,"z":-0.15485531091690064,"w":-0.7313137054443359},"size":5.875887393951416,"orthographic":false}