{"cameraMode":{"drawMode":0,"name":"Shaded","section":"Shading Mode"},"sceneLighting":false,"audioPlay":false,"sceneViewState":{"showFog":true,"showMaterialUpdate":true,"showSkybox":true,"showFlares":true,"showImageEffects":false,"showParticleSystems":true},"in2DMode":false,"pivot":{"x":14.324020385742188,"y":0.8722704648971558,"z":3.4869236946105959},"rotation":{"x":-0.09469791501760483,"y":-0.633545458316803,"z":0.0785452127456665,"w":-0.7638607025146484},"size":7.157515525817871,"orthographic":false}