{"cameraMode":{"drawMode":0,"name":"Shaded","section":"Shading Mode"},"sceneLighting":true,"audioPlay":false,"sceneViewState":{"showFog":true,"showMaterialUpdate":true,"showSkybox":true,"showFlares":true,"showImageEffects":false,"showParticleSystems":true},"in2DMode":false,"pivot":{"x":8.171829223632813,"y":4.325374603271484,"z":10.102387428283692},"rotation":{"x":-0.07436108589172363,"y":0.7305340766906738,"z":-0.08058854192495346,"w":-0.6740147471427918},"size":1.6421160697937012,"orthographic":false}