{"cameraMode":{"drawMode":0,"name":"Shaded","section":"Shading Mode"},"sceneLighting":false,"audioPlay":false,"sceneViewState":{"showFog":true,"showMaterialUpdate":true,"showSkybox":true,"showFlares":true,"showImageEffects":false,"showParticleSystems":true},"in2DMode":false,"pivot":{"x":5.539567947387695,"y":-0.593625009059906,"z":4.390620708465576},"rotation":{"x":-0.21088266372680665,"y":0.4298364520072937,"z":-0.10397631675004959,"w":-0.8717557191848755},"size":8.619622230529786,"orthographic":false}