{"cameraMode":{"drawMode":0,"name":"Shaded","section":"Shading Mode"},"sceneLighting":true,"audioPlay":false,"sceneViewState":{"showFog":true,"showMaterialUpdate":true,"showSkybox":true,"showFlares":true,"showImageEffects":false,"showParticleSystems":true},"in2DMode":false,"pivot":{"x":9.577798843383789,"y":7.537275314331055,"z":15.47461986541748},"rotation":{"x":-0.07362649589776993,"y":-0.4077782928943634,"z":0.03301301226019859,"w":-0.9095087647438049},"size":21.468412399291993,"orthographic":false}