{"cameraMode":{"drawMode":0,"name":"Shaded","section":"Shading Mode"},"sceneLighting":false,"audioPlay":false,"sceneViewState":{"showFog":true,"showMaterialUpdate":true,"showSkybox":true,"showFlares":true,"showImageEffects":false,"showParticleSystems":true},"in2DMode":false,"pivot":{"x":4.000000476837158,"y":1.1346317529678345,"z":8.00011157989502},"rotation":{"x":-0.1480952799320221,"y":-0.05131857469677925,"z":0.00769672729074955,"w":-0.9876107573509216},"size":5.393178462982178,"orthographic":false}