{"cameraMode":{"drawMode":0,"name":"Shaded","section":"Shading Mode"},"sceneLighting":false,"audioPlay":false,"sceneViewState":{"showFog":true,"showMaterialUpdate":true,"showSkybox":true,"showFlares":true,"showImageEffects":false,"showParticleSystems":true},"in2DMode":false,"pivot":{"x":23.498123168945314,"y":-2.6751129627227785,"z":-2.6596105098724367},"rotation":{"x":-0.4416392147541046,"y":-0.3507682681083679,"z":0.19294586777687074,"w":-0.8029248714447022},"size":11.918203353881836,"orthographic":false}