{"cameraMode":{"drawMode":0,"name":"Shaded","section":"Shading Mode"},"sceneLighting":false,"audioPlay":false,"sceneViewState":{"showFog":true,"showMaterialUpdate":false,"showSkybox":true,"showFlares":true,"showImageEffects":true,"showParticleSystems":true},"in2DMode":false,"pivot":{"x":14.449511528015137,"y":1113.9354248046875,"z":-0.4639759063720703},"rotation":{"x":0.1139737069606781,"y":0.22592252492904664,"z":-0.026625419035553933,"w":0.967088520526886},"size":4.909911632537842,"orthographic":false}