{"cameraMode":{"drawMode":0,"name":"Shaded","section":"Shading Mode"},"sceneLighting":false,"audioPlay":false,"sceneViewState":{"showFog":true,"showMaterialUpdate":true,"showSkybox":true,"showFlares":true,"showImageEffects":false,"showParticleSystems":true},"in2DMode":false,"pivot":{"x":7.409584045410156,"y":7.020630359649658,"z":-8.567822456359864},"rotation":{"x":0.13747461140155793,"y":-0.5311707854270935,"z":0.08782314509153366,"w":0.8314117789268494},"size":2.8578836917877199,"orthographic":false}