{"cameraMode":{"drawMode":0,"name":"Shaded","section":"Shading Mode"},"sceneLighting":false,"audioPlay":false,"sceneViewState":{"showFog":true,"showMaterialUpdate":true,"showSkybox":true,"showFlares":true,"showImageEffects":false,"showParticleSystems":true},"in2DMode":false,"pivot":{"x":14.063070297241211,"y":3.6462149620056154,"z":9.88917064666748},"rotation":{"x":-0.1941417008638382,"y":-0.46280720829963686,"z":0.10464085638523102,"w":-0.8585854172706604},"size":19.827098846435548,"orthographic":false}