{"cameraMode":{"drawMode":0,"name":"Shaded","section":"Shading Mode"},"sceneLighting":false,"audioPlay":false,"sceneViewState":{"showFog":true,"showMaterialUpdate":true,"showSkybox":true,"showFlares":true,"showImageEffects":false,"showParticleSystems":true},"in2DMode":false,"pivot":{"x":14.37060546875,"y":1.907358169555664,"z":7.914115905761719},"rotation":{"x":-0.1941417008638382,"y":-0.46280720829963686,"z":0.10464085638523102,"w":-0.8585854172706604},"size":6.593950271606445,"orthographic":false}