{"cameraMode":{"drawMode":0,"name":"Shaded","section":"Shading Mode"},"sceneLighting":true,"audioPlay":false,"sceneViewState":{"showFog":true,"showMaterialUpdate":true,"showSkybox":true,"showFlares":true,"showImageEffects":false,"showParticleSystems":true},"in2DMode":false,"pivot":{"x":9.079793930053711,"y":-7.558199882507324,"z":13.850075721740723},"rotation":{"x":-0.34872832894325259,"y":-0.0738259106874466,"z":0.02755974791944027,"w":-0.9339051246643066},"size":31.242185592651368,"orthographic":false}