{"cameraMode":{"drawMode":0,"name":"Shaded","section":"Shading Mode"},"sceneLighting":false,"audioPlay":false,"sceneViewState":{"showFog":true,"showMaterialUpdate":false,"showSkybox":true,"showFlares":true,"showImageEffects":false,"showParticleSystems":true},"in2DMode":false,"pivot":{"x":8.870790481567383,"y":11.415804862976075,"z":-0.47905170917510989},"rotation":{"x":-0.6013126373291016,"y":-0.14353708922863007,"z":0.11091742664575577,"w":-0.7781501412391663},"size":4.041658401489258,"orthographic":false}