{"cameraMode":{"drawMode":0,"name":"Shaded","section":"Shading Mode"},"sceneLighting":true,"audioPlay":false,"sceneViewState":{"showFog":true,"showMaterialUpdate":false,"showSkybox":true,"showFlares":true,"showImageEffects":false,"showParticleSystems":true},"in2DMode":false,"pivot":{"x":2.7844247817993166,"y":3.3161165714263918,"z":7.3918776512146},"rotation":{"x":-0.03736168518662453,"y":0.7757570147514343,"z":-0.04613562300801277,"w":-0.6282330751419067},"size":9.431151390075684,"orthographic":false}